Close_ETF,oil,gold,JPM
97.349998,0.039242219,0.004667765,0.032257972
97.75,0.001953125,-0.001366494,-0.002948054
99.160004,-0.03151397,-0.007936508,0.025724394
99.650002,0.034552164,0.01462069,0.01181894
99.260002,0.013618677,-0.01141925,0.000854786
98.25,0.003198976,-0.00550055,-0.038998092
99.25,0.011479592,-0.027599558,0.009478792
100.300003,0.014186633,0.00819066,0.013497622
100.610001,-0.023624495,-0.004513399,0.00463231
99.559998,-0.024832856,0.01020119,0
101.660004,0.016650343,0.006732118,0.036023054
101.660004,-0.001926782,0.009473391,0.00389427
101.57,-0.025740026,-0.012834667,-0.028262677
100.019997,-0.013870542,0.010065707,-0.017678899
99.440002,0.025787006,-0.012096886,0.010159593
98.419998,-0.01338557,-0.012973549,-0.02729888
98.519997,-0.005625414,-0.016749468,0.013293974
97.529999,0.053244592,0.003031615,-0.009037814
98.800003,-0.084676145,-0.010362694,0.012062371
97.660004,0.007248878,0.002908668,-0.014534883
97.629997,0.033241947,0.003770302,0.008259528
98.529999,0.008623549,0.013146489,0.000877677
99.769997,-0.00394607,0.000998146,0.004676995
98.739998,0.00330142,-0.000569801,-0.006982776
100.699997,-0.010200724,-0.008266819,0.027541722
101.150002,0.007978723,-0.011497557,0.009409809
100.580002,0.018139842,0.000436173,0.007344576
99.300003,0.005506965,0.002615899,-0.018227762
100.239998,0.009342784,-0.000434846,0.021422452
100.730003,-0.004149378,0.00638051,0.043064907
100.510002,0.012820513,-0.013976945,-0.000268043
99.919998,-0.012658228,0.002630425,-0.027889541
98.5,0.007692308,0.003789535,-0.033379283
99.510002,0.01653944,0.007405256,0.008276284
98.279999,-0.009073842,0.012395503,-0.025474156
99.169998,-0.046416167,-0.002705011,0.014812634
99.239998,-0.002317881,0.023554604,-0.002289582
98.489998,0.019581812,0.010320781,-0.0080321
100.230003,-0.013346354,0.000828272,0.02573739
99.860001,-0.010887496,0.004827586,0.000563885
99.400002,0.007671781,-0.01002059,-0.007044237
99.160004,0.015888779,-0.013089296,-0.00510786
99.389999,-0.004235907,-0.005001686,-0.000285282
98.510002,0.054646597,-0.022592488,-0.048216777
98.510002,-0.013341607,0.008956949,0.011091097
96.419998,0.016981132,0.002806415,-0.028757842
96.980003,-0.017625232,0.002912788,0.00702088
98,0.020144791,0.003986333,-0.004243831
98.279999,-0.005553841,0.011060692,0.004261918
98.650002,-0.009928638,0.01430575,0.006971779
99.550003,0,-0.007190265,0.012642926
99.040001,-0.033218427,0.008635097,-0.006242539
99.309998,0,0.009942005,0.014059288
99.620003,0.005186386,-0.006562756,-0.007079705
100.480003,-0.006449532,-0.013762731,0.011586423
100.860001,-0.00162285,0.009768351,0.004111601
100.449997,0.006501951,0.011608624,0.018719012
100.769997,0.026485788,-0.015300546,-0.006603617
99.769997,-0.004405286,0.006381798,-0.01965318
99.93,-0.006637168,-0.005376344,-0.005306486
100.110001,0.018453707,0.009009009,-0.010669857
100.139999,-0.025929397,0.022802198,-0.003595057
100.760002,0.007376523,-0.005909213,0.019543056
101.440002,0.011142948,0.013780059,0.009141876
102.800003,-0.06895466,-0.010181237,0.014026884
103.360001,-0.004734528,0.005977705,0.004610951
103.410004,-0.019028203,-0.002275161,-0.00516354
102.830002,0.002078282,0.011133467,-0.01412921
103.68,-0.002765296,-0.005041125,0.013454315
103,0.012824957,0.018133333,-0.011255526
101.959999,0.006502396,-0.004190676,-0.025685845
102.260002,-0.018701122,-0.000526039,0.008987387
102.449997,-0.020790021,-0.013684211,0.009501188
102.089996,-0.003892427,-0.00266809,-0.000882324
103.580002,-0.019538188,-0.00294275,0.018545687
103.379997,-0.02173913,0.010195868,0.001734162
104.599998,0.00962963,-0.000929615,0.031159896
103.669998,-0.012105649,0.014488901,-0.006994963
102.550003,0.001485332,0.012447589,-0.014088475
102.940002,0.001112347,-0.004011906,0.013146584
101.110001,0.044074074,0.008965696,-0.016361128
100.279999,0.003547357,-0.010431423,-0.011184371
99.949997,-0.002827854,-0.010020822,-0.008410702
100.93,0.004962779,0.00433811,0.013454315
99.949997,0.02962963,0.007853403,-0.009235209
102.080002,0.008221994,-0.002077922,0.030585463
102.449997,0.013591573,-0.004945341,-0.010175268
103.389999,0.018102581,-0.035051007,0.00428321
103.860001,0.000987817,0.010300895,0.010804692
104.260002,0.002631579,0.009659243,0.015189902
104,-0.028871391,-0.003720436,-0.013300055
104.279999,0.046283784,-0.01573753,0.00252738
104.57,0.033580885,0.011382114,-0.005042045
104.900002,-0.003124024,0.00375134,0.025900873
105.269997,-0.007207772,0.001067806,0.009330406
104.989998,0.001893939,-0.005866667,-0.004893991
105.410004,-0.007246377,-0.003755365,0.006557432
104.260002,-0.028562361,0,-0.013572204
105.040001,-0.007840575,0.004577275,0.007154595
104.860001,-0.005926902,0.020101849,0.001912568
103.540001,-0.006293475,0.014188124,-0.046086667
103.349998,0.010333333,-0.005181347,0.000571755
103.580002,-0.010557572,0.011458333,-0.006571429
103.629997,-0.001333778,-0.002059732,0.005176905
105.040001,-0.012687813,-0.012641899,0.017167324
105.18,-0.020967196,0.009406846,0.010689199
105.400002,-0.009671848,-0.007765985,-0.002504871
105.300003,0.019881409,0.00234803,0.001674163
105.989998,-0.014705882,-0.019000521,0.022562589
105.760002,0.001735509,0.006367737,-0.002996486
105.839996,0.04954955,0.00448194,-0.001912541
106.400002,-0.001320568,-0.003674541,-0.006022393
105.610001,0.015867769,0.008429926,-0.007435968
105.18,0.009111617,0.008881923,-0.004162098
105.150002,0.006449532,0.003625065,0.004179493
106.330002,0.005126562,0.017182663,-0.004162098
106.360001,0.016576347,-0.001750114,-0.000835832
105.459999,0.013170273,0.009731433,-0.011154545
104.93,-0.017332095,-0.01645697,-0.001410011
103.839996,0.044409449,0.015581026,-0.014685145
104.720001,-0.009650181,-0.006373599,-0.003726025
103.779999,0.00091352,-0.003194564,-0.003739845
104.209999,-0.018557956,0.005799166,0.010684349
105.589996,-0.070365778,-0.011405017,0.007714286
105.989998,0.001000333,-0.0001279,0.007371676
106.370003,0.010326449,0.014352231,-0.000562933
106.449997,-0.007253544,0.003581427,-0.003097606
107.599998,-0.007306543,0.01093212,0.007344576
107.330002,0.028437605,0.001765028,0.004206422
107.160004,-0.004229018,0.000670025,-0.000279307
107.599998,0.020581509,-0.001289555,-0.011452514
106.849998,-0.017925736,0.007945967,-0.012150325
107.57,0.045632334,0.000665156,0.01430206
106.739998,-0.011221945,0.003348187,-0.017766413
106.730003,0.00630517,-0.004809226,-0.004593856
107.93,0.002819549,-0.003994181,0.008941506
108.139999,0.032802249,0.011807808,0.003144654
107.599998,0.003327284,-0.000464843,0.004844628
108.160004,-0.006933976,-0.003769428,0.01304603
108.5,0.012750455,0.011179087,-0.001679759
109.720001,0.010791367,-0.003037224,-0.00028037
108.900002,-0.026986951,-0.004265068,0.003646479
109.660004,-0.033526364,0.002570002,0.008943516
109.730003,0.010091454,0.001953077,0.001939058
109.620003,0.029971901,0.002875174,-0.001105806
109.699997,-0.007274932,0.005102165,0.002491005
111.160004,-0.007328244,0.000966908,0.008558752
111.18,0.015379883,0.002994518,0.001916206
111.279999,-0.015146925,-0.001540943,0.003551967
111.230003,0.01845586,0.001061034,-0.002994854
112.440002,0.018121413,0.02054778,-0.001911524
112.550003,-0.005043014,-0.003729406,0.025171054
112.93,0.000894454,-0.005638741,0.014678382
113.379997,0.020851951,0.008863474,0.017096213
112.389999,0.003209804,0.005597279,0.002327386
113.220001,0.015706806,-0.000422744,0.000774071
112.559998,-0.018900344,-0.005991401,0.002835808
113.5,0.010507881,-0.004443814,0.008226195
113.779999,-0.029173888,-0.031031863,-0.007649235
114.230003,0.046117227,-0.004508588,0.008992858
114.199997,0.029863481,0.014620819,-0.004583652
115.099998,-0.018779343,-0.004390966,0.025837759
114.800003,-0.011539544,-0.001851852,-0.00399
114.43,-0.005125285,-0.005199688,-0.008512794
115.870003,-0.015168861,-0.003533656,0.016666668
114.68,-0.012205754,0.008939345,-0.005712842
113.370003,-0.01059135,0.010886014,-0.022732951
113.480003,-0.022896224,-0.039018737,-0.001789366
113.480003,0.009129641,0.009221106,-0.004097311
113.970001,0.025934861,-0.008389972,0.0030856
113.779999,0.005291005,0.001481296,0.003076211
112.849998,-0.033333333,0.004211687,-0.005366803
113.18,0.006049607,-0.007189755,0.001027775
114.449997,-0.023150932,0.013477834,0.019763887
114.480003,0.012927054,0.007989083,-0.005537428
114.849998,0.034032209,-0.000319984,-0.000759251
116.07,-0.002938584,0.008445364,0.020010132
115.650002,0.002947244,0.008618795,0.002234939
115.129997,0.014105201,-0.008375696,-0.004955426
116.169998,0.017965807,0.013987892,0.012450199
115.660004,0.008255053,-0.008979946,-0.004426955
115.230003,0.011010728,-0.006073268,0.008399209
114.879997,-0.000279252,-0.029696436,-0.006124449
114.589996,-0.001396648,0.003576916,-0.006408652
114.389999,0.002797203,0.014005673,-0.002728851
114.870003,0.039888424,-0.021782717,0.003731269
114.940002,-0.049087983,-0.000835041,0.005204536
115.019997,0.017771509,0.00293775,0.011341198
116.160004,0.021341463,0.007247109,0.012432935
115.480003,-0.006784261,-0.014640628,0.003371033
115.690002,-0.021857923,-0.002493321,0.010319175
115.989998,0.028212291,0.001402811,0.011876485
116.379997,0.013583265,0.021318323,0.009624414
114.959999,-0.020905923,-0.001820494,-0.001627505
114.5,-0.006569943,0.009044121,-0.010945459
112.580002,-0.002204464,-0.010597207,-0.010360301
111.120003,0.020436344,0.001951952,-0.017130574
112.580002,-0.020027064,-0.013512163,0.005083491
111.199997,0.033968517,0.010253943,-0.014210019
111.790001,-0.002136752,0.007493359,0.009772832
113.040001,0.022751606,0.011218626,0.022985651
113.07,-0.010468464,0.010085605,-0.006149456
111.059998,0.007405448,0.003312065,-0.016420704
109.650002,-0.025466002,0.011893781,-0.012823687
109.459999,0.018588362,0.005757052,0.004411789
109.550003,-0.019836022,-0.00641576,-0.005856467
111,-0.037506746,-0.00081615,0.018654835
111.029999,-0.001682086,0.012684685,-0.006024096
112.589996,-0.0056164,-0.012098783,0.019636388
112.970001,0.020898051,0.011526547,-0.001902068
113.099998,-0.011065007,0.01303326,-0.000714602
113.779999,-0.035804196,0.001195163,0.007389678
114.639999,-0.002320859,-0.014582309,-0.017273995
115.269997,-0.002907822,-0.014608076,0.0052974
114.900002,0.023330417,0.008268049,-0.005988024
114.629997,0.033912796,0.009539065,-0.003132554
114.370003,0.02370452,-0.007033415,-0.005317791
114.82,0.017501346,0.000405438,0.009963523
113.209999,-0.018523419,-0.030800772,-0.036573628
113.389999,-0.012671879,-0.017759193,-0.019230794
112.959999,0.03058438,-0.00167781,-0.012732366
113.830002,-0.001059883,0.004364621,0.012638587
113.830002,-0.006366048,-0.000674326,0.002547198
111.919998,0.004004271,-0.006947742,-0.020833333
112.669998,-0.026588673,-0.017516044,-0.022314504
114.25,0.029773286,0.006685622,0.018577521
114.360001,-0.012732095,0.004580153,-0.002084471
114.199997,-0.005373455,0.002228977,0.006527415
114.300003,0.01269584,0.00634351,0.001815824
112.82,-0.006935183,-0.032672845,-0.017866365
111.830002,0.007252216,0.003245236,-0.007381967
110.959999,-0.005066667,0.002044355,-0.001328127
112.150002,0.025462343,-0.000723103,0.006914974
112.059998,0.015682175,0.01088024,0.011885895
112.779999,0.021358724,0.005138694,-0.006786792
111.809998,-0.007054674,-0.013480517,-0.011826571
109.959999,0.014463334,-0.024003506,-0.029787182
108.830002,-0.027013507,-0.000845331,-0.02933114
109.75,0.035989717,-0.003939402,-0.006212962
110.449997,0,0.001327175,0.016481984
109.989998,0.015880893,-0.007395822,-0.000559128
110.040001,0.011724475,0.005982107,-0.002517483
109.099998,0.002655722,0.006689851,-0.009814891
109.650002,-0.029135565,-0.010179056,0.007363325
109.269997,0.031994048,0.017636872,0.004779365
109.620003,-0.016582552,-0.010026965,0.004756519
109.809998,-0.026637341,0.017030729,0.004734113
110.269997,0.055234748,0.002652244,0
111.849998,-0.013799667,0.009076763,0.021064245
112.239998,-0.020506634,0.00385505,-0.00027139
112.870003,-0.033251232,0.010752688,0.003258186
112.860001,0.01656051,-0.002786221,-0.002977023
112.709999,0.060902256,0.001524003,0.00027139
113.129997,-0.055988661,-0.00760842,0.012211697
112.089996,-0.016766767,-0.008944544,-0.009115282
112.980003,-0.021634004,0.007478081,0.008658009
114.699997,0.007284079,0.006654722,0.02306867
114.860001,-0.039772727,-0.00661073,-0.002097483
113.790001,0.011296396,-0.016636806,-0.009984261
114.349998,0.022606383,0.000910984,0.003184687
113.220001,-0.022626788,-0.003250553,-0.00608463
114.019997,-0.01064396,0.011479259,-0.008517434
114,0.004034427,-0.006190353,0.001879195
113.830002,0.031609965,0.008564755,0
113.629997,0.004414438,0.015697375,-0.002411576
113.199997,-0.025594623,-0.003293641,-0.006177814
113.769997,0.011143539,0.00305033,-0.001081108
114.75,-0.014431908,0,0.017857143
114.389999,0.006656017,0.020020274,0.003987268
113.839996,-0.012430574,-0.000745342,0.005824782
113.449997,-0.029191216,-0.004475385,-0.001052935
113.919998,-0.017931034,-0.021228771,0.008959157
114.529999,0.037078652,0.000510334,0.012535884
112.940002,0.044420368,0.008671257,-0.015475935
112.879997,-0.004927386,0.006068268,-0.002357768
111.889999,0.031013813,-0.005780347,-0.02179627
112.220001,-0.009605662,0.015672396,-0.010469772
111.440002,0.027820316,0.009706322,-0.002984292
111.730003,-0.009187981,0.003450826,0.002176925
111.779999,-0.015037594,0.001228199,0.001900624
111.860001,0.006361323,-0.014965653,0.006503983
111.519997,0.036156764,0.008219178,-0.018578299
110.800003,-0.006832601,-0.002964427,-0.012345706
110.709999,0.00982801,0.005698712,-0.003611139
110.239998,0.010948905,-0.000985464,0.003624226
111.639999,-0.016606498,-0.010110974,0.011111167
109.580002,-0.005628977,-0.011709018,0.011538406
109.879997,0.021658873,-0.005293673,-0.001086393
108.959999,0.00746808,-0.011910796,-0.006797173
108.75,-0.008847441,-0.000512952,-0.001642431
109.769997,0.009167672,-0.007954837,0.012064683
110.099998,0.023428162,0.005431971,0.004334869
110.57,-0.002803083,-0.004373553,0.001888292
110.839996,0.02412743,0.010077519,0.005115859
111.07,0.002516011,0.002046559,0.002142995
110.209999,0.006844627,0.005105948,-0.009088479
110.199997,-0.03172445,-0.004318009,0.003776612
108.400002,0.038848584,0.000255102,-0.024993282
106.849998,-0.009912142,0.0186177,-0.005237018
107,0.020705347,0.00225338,-0.00055417
108.379997,-0.007802051,-0.001748688,0.025506016
108.160004,0.004718041,-0.011011011,-0.00243309
106.980003,0.017889088,-0.003036437,-0.001084038
107.190002,0.023945518,0.011675127,0.000271243
108.300003,-0.012658228,0.009784245,0.023596502
108.910004,0.015862668,0.003975155,0.005034393
110.029999,0.013048128,-0.000247463,0.010282099
109.709999,0.027449324,0.005940594,-0.008350731
110.480003,-0.021783806,0.015501969,0.017105316
110.199997,-0.033613445,-0.006542283,-0.0025874
110.349998,-0.006956522,-0.01902439,0.001037639
111.099998,-0.040499124,0.012680259,0.022026406
111.099998,-0.017567876,-0.000736558,0.0002536
111.449997,0.00116117,-0.01031941,0.006844106
110.529999,-0.018325215,0.01142006,-0.01560934
111.110001,-0.002126654,0.005891016,0.012276318
111.32,0.039308548,-0.003660322,-0.008084992
112.580002,0.003417635,-0.006857703,0.015282808
112.120003,-0.002270663,-0.013316893,-0.000250953
112.860001,-0.017296313,-0.0059985,0.000501907
112.580002,-0.009495137,0.00301735,-0.012540758
112.480003,0.041150339,-0.001754826,0.009398095
113.059998,-0.037951943,0.008538423,0.001509738
113.43,0.023809524,0.005478088,-0.016080377
113.660004,0.017327861,0.00371471,0.008427017
112.800003,-0.017705065,-0.001480385,-0.010382375
113.139999,0.004563085,-0.000988386,0.012794268
113.150002,0.03633886,0.002968093,0.00176857
112.470001,0.015340785,-0.001479655,-0.006809609
112.959999,0.016835744,0.007656211,0.018283316
111.550003,0.02759499,-0.00245098,-0.006234414
110.949997,-0.000826276,0.008845209,-0.009786676
111.459999,0.010130246,-0.007062835,0.00734924
110.75,0.014326648,0.002452784,-0.015597459
111.279999,0.004035513,0.00831906,0.00638896
111.839996,-0.004622186,0.001213298,0.007618055
111.760002,0.000605694,0.013814833,0.001260081
113.650002,0.012106538,0.002151566,0.015353637
113.839996,-0.006180223,-0.013597328,-0.014377838
113.900002,0.024674022,0.010399033,-0.007545247
114.68,0.017619421,0.000478698,0.00076034
113.449997,0.011158138,-0.000956938,0.001012839
112.510002,0.015981735,0.012212644,0.003035745
112.970001,0.004681648,-0.002602318,-0.006809609
112.529999,-0.002982293,-0.015654649,0.003301092
111.540001,0.006917181,0.000481928,-0.006833612
110.639999,0.015410323,0.00650289,-0.018093857
111.260002,0.003656976,0.001196458,0.005450376
111.68,-0.023683731,-0.005736138,0.006711357
110.739998,-0.005784661,0.009375,-0.026153846
110.519997,0.030968468,0.007859014,-0.019220642
111.239998,-0.007646095,0.001890359,0.012080564
109.989998,0.02421574,0.000235849,-0.006100796
109.860001,-0.00555257,0.010139118,-0.012009634
111.540001,0.015309798,-0.005368814,0.012695894
112.879997,-0.06829874,-0.003989674,0.014137049
113.220001,-0.029893374,-0.000942507,0.012098895
113.199997,0.016290481,0.009669811,0.003118451
113.510002,-0.032444959,-0.002803083,-0.002590622
113.550003,-0.00998004,-0.016865777,0.001298675
114.980003,0.026209677,0.01096021,0.007782075
116.550003,-0.041257367,0.012726844,0.020334647
117.279999,0.017418033,0.007912497,-0.007315868
117.110001,-0.011077543,-0.001847148,-0.001778882
116.879997,-0.034623218,0.006708304,-0.004327851
116.970001,0.02742616,-0.003676471,-0.004091025
117.860001,-0.024640657,0.002075646,0.005904981
118.790001,-0.004210526,0.002301496,-0.000255283
118.730003,-0.007399577,0.002296211,-0.000255246
117.879997,-0.018104366,0.007560137,-0.017619995
118.580002,0.01626898,0.0104593,-0.005198882
118.739998,-0.011739594,-0.003375338,-0.011758558
117.419998,0.056155508,0.00835403,-0.010576467
117.980003,-0.008588957,0.00447828,0.003474105
118.160004,0.005363036,-0.002006242,0.000266365
118.440002,0.008206812,0.003127094,0.003727369
118.349998,0.005799756,0.005344021,-0.000265305
117.809998,0.005766313,0.003986711,-0.010082197
117.889999,-0.011064172,-0.005294507,0.009112865
119.230003,-0.073230269,0.005100909,0.016732987
119.330002,-0.049385426,-0.009488085,0.004179728
119.25,-0.017317017,0.014925373,-0.009885484
119.209999,0.009398496,-0.008779631,0.001576406
118.099998,-0.033752328,-0.002435784,-0.008132162
118.790001,0.010840761,-0.025749168,-0.00687654
119.209999,0.0107245,-0.00387332,0.003728362
119.330002,-0.040084886,-0.007090576,-0.001591881
120.370003,0.008597396,0.010366275,0.016476189
120.790001,0.017048222,-0.007979936,0.01281051
120.879997,0.058668582,0.009882786,0.007485725
120.809998,-0.001130966,-0.006144743,-0.002562106
119.440002,0.048686594,0.010304557,-0.010531724
119.470001,-0.01597927,0.001359927,0.002076791
120.389999,0.00416941,-0.000452694,0.012176218
120.68,-0.037368881,-0.004302536,-0.001023829
120.769997,-0.042224745,0.0040937,0.003330797
120.519997,-0.022043138,0.007021518,-0.00383049
121.18,0.012603005,-0.002474134,0.005126916
121.360001,0.045715653,-0.017361894,-0.001275159
121.129997,-0.007553216,0.002753557,-0.00204285
120.870003,-0.013837638,0.002059497,-0.0017913
120.300003,-0.014031805,-0.018725736,0.003588926
118.830002,0.042694497,-0.006516174,-0.01890171
118.010002,-0.012511374,-0.002342469,0.002082843
118.610001,0.04837595,-0.010800657,0.005715692
118.440002,-0.004174907,-0.007358177,-0.008008189
119,-0.000220653,0.00215208,-0.003385469
118.18,0.007724564,0.006442377,-0.009668095
118.57,0.017520806,0.009720247,0.00237467
117.620003,0.035514421,-0.001643578,-0.00579105
118.239998,0.00623571,-0.005879586,0.001059068
119.470001,0.001032844,0.000236574,0.015604364
118.220001,-0.017540239,-0.001419111,-0.014583385
117.5,-0.012602394,-0.000236855,-0.015591966
116.779999,0.027653691,0.011371713,-0.010738309
116.550003,0.006209894,0.000234247,0.000814193
116.879997,0.016868957,-0.012177986,-0.000542299
117.230003,-0.012745296,0.010905642,-0.000813863
117.43,0,-0.001641651,-0.002172196
117.43,-0.033811475,0.001409443,0.006802721
118.160004,0.023329799,-0.009383064,0.008918973
118.910004,-0.023834197,-0.003788776,0.004553924
119.269997,-0.00955414,0.001901593,0.000533333
118.959999,-0.005359057,-0.011150652,-0.003464845
120.230003,0.001077586,-0.005758157,0.008023536
120.07,-0.023681378,-0.003378378,0.00742908
120.209999,0.001102536,-0.001210654,-0.005530761
119.309998,0.001101322,0.00169697,-0.006885541
119.739998,0.03520352,0.010648596,-0.001333307
120.769997,0.002125399,0.006944444,0.000801041
120.68,0.007423118,0.011414982,0.000533618
121.129997,-0.004210526,0.000470256,0.001333307
121.209999,0.022198732,-0.000940071,-0.005858775
120.230003,-0.017580145,0.004940014,-0.014733538
120.389999,0.02,-0.001170412,-0.007340974
118.599998,0.052631579,0.017576752,-0.015886005
119.449997,0.014313725,-0.000230309,0.015307542
120.239998,0.006185966,-0.00138217,0.005482456
121.43,0.002881844,0.002076125,0.007906243
120.629997,-0.00862069,0.002071823,-0.011360616
121.230003,-0.001545894,-0.006662072,0.01477431
121.169998,0.025740275,-0.000231267,-0.002696091
121.220001,0.011320755,-0.007402267,0.000540579
122.730003,0.001865672,0.010953158,0.013509863
122.790001,0.003724395,0.001613647,-0.004532072
122.330002,0.012059369,0.013118527,-0.0107124
120.970001,0.003666361,-0.000454339,-0.012723281
121.239998,-0.022465753,0.005,-0.003016178
120.389999,0.016442451,0.008141113,-0.006875687
121.139999,0.009191176,-0.011664424,0.009415674
120.139999,0.00273224,-0.000453926,-0.005486996
119.120003,0.026339691,0.006357856,0
119.360001,-0.001769912,-0.010379061,-0.002758566
118.540001,0.007092199,0.000911993,-0.003872863
118.099998,-0.001760563,-0.017995444,-0.006109331
116.900002,-0.013227513,-0.010670378,-0.020396758
117,-0.116532618,-0.003048066,-0.003707958
117.139999,0.00546227,-0.002116651,0
117.309998,0.087726358,0.003770917,-0.002290352
116.529999,0.003699593,-0.000234797,-0.007747375
118.18,-0.005528935,0.000704556,0.010699797
117.959999,0.025018532,0.00422436,-0.010014392
117.43,0.035255831,-0.004673989,-0.01011555
117.629997,-0.006985679,-0.004461141,-0.014014599
118.190002,-0.018114668,0.000471698,0.023985845
118.599998,0.000895576,0.004007544,0.002891787
119.239998,-0.030780243,-0.000469594,0.003460179
118,-0.012924668,0.002349072,-0.008620661
118.089996,0.004676394,0.003280994,0.003478232
118.699997,-0.04040216,-0.00023359,0.012131774
117.300003,-0.0258052,0.001869159,-0.01341327
115.769997,0.017924716,-0.012126866,-0.010992219
114.150002,-0.009782821,0.002124646,-0.007604534
114.5,-0.001778305,0.004475854,0.020925405
115.410004,0.035827395,0.015478424,0.00894925
113.800003,0.00229314,0.002771363,-0.005436423
116.010002,0.000762631,-0.004145555,0.008055323
115.57,0.031815584,0.004278446,-0.004851655
116.330002,-0.018463811,0.000115141,0.008603356
115.199997,0.022009029,0.005065623,-0.002558886
115.650002,-0.05448187,-0.008247423,0.011972576
114.199997,0.010706638,-0.004389004,-0.013521127
115.75,-0.05238829,0.009280742,0.013420959
116.400002,0.035365854,-0.013103448,0.0022541
116.599998,-0.026305457,-0.004658747,-0.001967951
117.5,0.0125,0.006084718,0.016901352
117.459999,0.017921147,0.000697837,-0.005540056
117.089996,0.003521127,-0.010460251,-0.008078022
117.82,0.014424951,0.000704722,0.009828643
116.599998,-0.005380477,0.001643192,-0.022803115
117.239998,-0.026468315,0.00140614,0.004553216
115.949997,-0.030958524,-0.012403464,-0.013314363
115.720001,-0.003686258,-0.004739336,-0.010623112
116.800003,-0.00020555,-0.00047619,0.00812545
117.580002,0.006784539,-0.001429252,0.013528986
118.790001,-0.040432918,0.004770992,0.02385686
119.290001,0.000212811,-0.001661918,0.003883495
119.120003,0.005319149,-0.0078478,-0.003592097
119.779999,0.03026455,-0.000958773,-0.004159761
119.5,0.009449466,0.001439539,-0.000556976
119.410004,0.025030525,0.003833253,0.000557286
120.050003,0.010323605,-0.003579952,0.000835394
120.25,0.014934172,0.006227545,-0.003895381
119.480003,0.008325266,-0.00833135,-0.00139662
120.5,0.044546851,-0.002880461,0.000279664
120.760002,-0.017279412,0.015647569,-0.000559172
120.150002,0.03030303,0.000474046,-0.005316256
120.040001,-0.011256354,0.009239517,-0.001125204
120.129997,-0.011384502,-0.002347418,-0.000844776
119.910004,-0.024702823,-0.003058824,0.005355073
120.480003,0.035231384,0,-0.004765854
120.199997,-0.014900662,0.007080481,-0.001971831
120.580002,0.035854342,0.002577924,0.001975727
120.860001,-0.007932216,-0.003038803,0.002816845
121.089996,0.009085953,0.004220399,0.003089916
121.400002,0.01710787,0.016343684,0.005320723
121.360001,0.033994334,0.004824259,0.005013927
121.400002,0.013527397,-0.000228624,-0.000831569
121.470001,-0.004899476,0.00228676,-0.000277337
121.57,-0.010696095,-0.000684463,0.006104245
119.860001,0.01647503,0.005707763,-0.009100883
118.980003,0.006753334,-0.002043133,-0.010019482
119.150002,0.002515512,-0.000682439,0.000562272
120.150002,-0.024422884,-0.007739586,0.009272211
119.830002,-0.018689986,0.002294104,0.001113614
119.18,-0.010484012,-0.004348821,-0.017797526
119.529999,0.043793043,-0.017701149,-0.00736124
120.489998,0.010150567,-0.008659022,-0.002567028
119.480003,0.025623849,-0.000472144,-0.010580583
119.949997,-0.007838014,0.00212565,-0.004046214
121.32,-0.017281106,-0.003535235,0.010156762
121.940002,-0.008038854,0.007095553,0.004309049
122.260002,0.021273004,0.002818225,0.008295223
122.43,-0.008100512,-0.008430913,0.006808567
122.910004,-0.036166667,-0.008738781,0.005635305
122.839996,0.009164793,0.003573981,0.004763295
122.349998,-0.02124743,-0.002136752,-0.009760262
123.019997,0.008578431,-0.001189626,-0.008448297
123.440002,-0.015275126,0.00714626,-0.001420023
122.720001,0.010223867,0.006859035,0.006825995
123.540001,0.007677543,-0.002114165,0.005649604
123.190002,0.007099567,0.001647834,-0.004494354
123.339996,0.015302613,-0.005405405,-0.001975169
123.790001,0.001185436,0.003308129,-0.000565479
124.57,0.013362652,0.006829958,0.003111768
123.739998,0.013353363,0.00374269,-0.009024253
123.650002,0.013177401,0.005593102,0.004553216
124.389999,0.005852707,0.000463499,0.007082153
124.720001,-0.017940844,0.010655548,0.00168782
123.720001,0.013824885,0.002177401,-0.004212356
122.879997,0.013636364,-0.000343053,-0.005922138
122.650002,0.023702755,-0.005261954,-0.00737583
123.389999,-0.012359199,-0.000459982,0.001143098
123.330002,0.02645335,0.005522319,-0.006565801
123.82,0.013425926,0.018993135,0.000287414
123.059998,0.01583676,0.001571974,-0.014363688
123.82,-0.007495128,-0.008520179,0.009909676
122.209999,-0.001510346,0.008141113,-0.002020202
122.199997,-0.042656179,-0.012561687,-0.003470301
122.190002,0.002844051,-0.003634711,0.00580386
122.470001,0.032141169,-0.005699954,-0.003462175
122.470001,-0.000763242,0.003898188,-0.000868645
122.239998,0.005346777,0.003654637,-0.004636338
121.150002,0.019601884,-0.005006827,-0.014556042
121.589996,0.002831595,0.001829826,0.007976396
120.760002,-0.018427701,0.000228311,-0.013774825
121.690002,0.020590462,-0.003195617,0.007726537
121.050003,0.037086486,-0.012021983,-0.009731584
122.580002,-0.018309255,0.007069185,0.009231596
122.489998,0.012676672,0.01703107,0.005016288
122.269997,-0.037266187,0.002941842,0.001467998
123.699997,-0.016141085,0.001128159,0.013485752
123.910004,-0.022026432,0.001577643,0.009256552
123.5,0.006523765,0.005625563,-0.007165377
124.599998,-0.009104938,0.004699038,0.005196334
124.349998,-0.014327986,-0.000222717,-0.007179782
123.660004,-0.001738031,-0.005324126,-0.012149205
123.209999,0.031972143,0.007144297,0.002635432
123.150002,-0.008588957,0.012008005,-0.003212646
123.5,-0.026763614,0.009887937,0.025197802
123.089996,0.068351613,0.010008703,-0.011431894
122.050003,-0.014432376,0.003231366,-0.001734634
120.910004,0.010869565,0.013635388,-0.015059398
121.339996,0.001642772,-0.014299333,0.007056807
121.440002,-0.03578351,-0.003223727,-0.005255474
121.580002,0.020256688,0.004786546,-0.004402759
121.550003,-0.015762352,-0.007338741,-0.001179157
121.669998,0.021866338,0.014915694,0.001180549
122.660004,0.00708258,0.004259851,0.012676888
123.040001,-0.009277271,-0.003393425,-0.012227017
122.599998,-0.01283794,-0.008789104,0.005599735
121.220001,-0.024785802,0.001352599,-0.015240358
119.629997,-0.018512708,-0.002787307,-0.004464197
119.199997,-0.011988491,0.018060632,0.006277997
119.610001,0,0.004223865,0.007130184
118.599998,-0.017796473,-0.00126183,-0.011209498
118.43,0.05155658,0.002316277,-0.006264887
117.5,0.004542607,-0.007563025,-0.001200871
117.43,-0.016840792,-0.001905165,0.014427412
118.669998,-0.006978588,-0.004772004,0.009777837
119.110001,0.026353618,0.010229089,-0.002347476
117.82,-0.02054155,-0.00643392,-0.006764706
119.779999,-0.013187162,-0.014012739,0.028427598
117.669998,-0.0172275,-0.006890612,0.000575871
118.129997,0.000163827,0.011491761,0.010935281
119.959999,-0.006879607,-0.003494105,0.017933304
119.720001,0.036285667,0.017058532,-0.001118484
119.370003,-0.031513608,-0.005499154,0.010638214
118.099998,0.002958094,0.007656316,-0.001939031
119.800003,0.004424054,-0.001899536,0.011379406
120.129997,-0.024469821,-0.015648129,0.004939627
120.489998,0.00083612,-0.012524168,0.006280694
121.75,-0.001670844,0.007244327,0.009498047
122.269997,0.032635983,-0.004535637,-0.002957016
122.110001,-0.017828201,-0.009763506,0.005931545
122.230003,-0.01980198,0.006025416,0.009916885
122.230003,0.005050505,0.002722422,-0.009023355
122.389999,-0.000837521,0.014118158,0.010176781
123.339996,-0.03101425,-0.001927608,0.015906654
123.760002,-0.006055363,0.006437768,-0.001565814
123.690002,0.002610966,-0.003411514,-0.003397726
123.239998,-0.009548611,0.002995293,-0.010490453
123.489998,0.014022787,0.022610922,0.002120355
124.639999,-0.02852204,0.012411348,0.003173737
125.129997,0.001779359,-0.000103018,0.002636409
125.760002,0.025754885,0.012569545,-0.00552193
126.300003,0.00952381,0.002035002,0.01004762
127.029999,0.000857633,-0.001218522,0.015183193
127.129997,-0.00848329,0.007320049,0.002062971
126.230003,-0.008555872,0.006055713,0.001029362
126.089996,-0.015690377,0.000802568,0.001542339
125.410004,0.015409139,-0.014735365,-0.018223794
126.690002,0.019710448,0.027713908,0.008366013
126.849998,0.014539856,-0.001722534,0.010889344
126.580002,0.010116338,0.009123364,-0.003590767
126.82,0.000834585,0.001768868,0
126.080002,-0.012508339,0.008534432,-0.009781133
126,0.024489107,0.013131018,0.004678996
126.330002,-0.02060666,0.009696621,0.012160336
126.449997,0.032822757,0.002567272,0.000766948
127.309998,0,-0.023899848,0.006641072
127.809998,-0.008148631,-0.022930431,0.003552372
127.440002,-0.01396648,-0.009546539,0.000758609
126.360001,-0.033327779,0.009236948,0.005305684
125.709999,-0.012066885,0.000795862,-0.004775144
125.830002,0.008724481,-0.024850895,0
126.029999,0.012973534,0.008154944,0.005808182
126.690002,-0.008196721,0.018604651,0.005523399
126.760002,0,-0.000694858,0.003745368
125.470001,0.00137741,0.009834111,-0.002487637
125.75,0.028370014,0.015738737,-0.004738105
125.190002,0.007523825,-0.003680031,-0.001252794
124.510002,0.013275805,-0.002624417,-0.004264977
126.699997,0.033573534,0.042198616,0.012597632
127.300003,0.004753605,-0.000187021,-0.014182633
127.379997,-0.00946223,-0.01889263,0.003028849
128.440002,0.022289444,0.02821735,0.007045747
128.770004,-0.010123034,0.016502874,0.016241829
128.899994,-0.002359975,-0.011948194,0.001475338
129.309998,0.007885192,0.013754269,-0.000736533
128.800003,0.00078235,-0.007466764,-0.018427518
128.679993,-0.001563477,0.019266055,-0.000751014
128.330002,0.039148137,-0.000180018,-0.005260496
127.82,-0.009041591,-0.027727764,-0.010828507
128.309998,0.016727494,0.036759259,-0.005600764
125.970001,0.019443614,-0.012771278,-0.025857705
126.419998,-0.001467136,0.011398589,0.005781892
126.550003,-0.018072289,-0.001341682,-0.004180794
126.660004,-0.018404908,0.008329601,0.009708711
127.360001,0.00304878,-0.007461361,0.028846154
128.539993,0.030547112,0.000715948,0.004041425
128.440002,0.008110898,0.017081023,0.002515673
127.5,-0.007314219,0.001143058,-0.00250936
128.389999,-0.018420277,-0.001580889,0.003270465
126.900002,-0.028524246,0.006685433,0.0027583
126.269997,0.010817493,-0.009175114,-0.01150295
126.599998,-0.004586455,0.003086692,-0.002276752
125.480003,-0.03225311,-0.034816248,-0.00456392
126.620003,-0.007935248,0.004372381,0.008660214
126.410004,0.002399616,0.028478143,0.00429298
126.639999,-0.010373444,-0.029188713,0.003771637
126.410004,-0.012094823,-0.022072849,-0.003757465
127.75,-0.026934378,0.016905072,0.008297662
128.199997,-0.033551418,-0.015710632,0.005486334
129.160004,0.017358098,0.017074981,0.012400794
128.809998,0.019621225,0.006934307,-0.000979936
128.490005,0.024263722,0.003443277,-0.001961697
129.270004,-0.035615096,0.001444826,0.017444692
129.080002,-0.016940539,-0.011000902,-0.007244603
129.410004,0.059107358,0.014952589,0.013378715
129.460007,-0.007321835,-0.005749192,-0.001920259
128.229996,0.005900672,0.016985905,-0.010582082
129.369995,0.010428548,-0.000888415,0.011910598
129.360001,0.021770682,0.01227103,0.00072061
128.759995,0.003945707,-0.00746662,-0.001680269
128.169998,-0.018078918,-0.019205239,-0.003847079
127.970001,-0.015209734,-0.002165674,0.001206855
128.240005,-0.023573403,-0.019442937,0.002892912
127.379997,0.007492507,0.004887946,-0.01322113
128.589996,-0.009915716,-0.007342144,0.001948892
128.830002,0.031714238,0.009245562,-0.001701921
130.179993,0.019414334,0.009344082,0.007793473
130.759995,-0.014283447,0.003448902,-0.003866602
131.029999,0.02173563,0.003256151,0.002425982
130.619995,-0.010242673,0.002524342,0.001936157
130.410004,-0.039802579,-0.00323741,0.001207705
129.589996,0.0016581,-0.003789246,-0.006031363
130.380005,-0.006290349,-0.003079152,0.020631019
130.110001,0.034982509,-0.001362645,-0.000237765
130.210007,0.028488653,0.018830165,0.001427141
130.020004,-0.002347418,0.012142857,0.000237601
129.220001,0.029803922,-0.004763585,-0.01306103
130.029999,0.005331302,0.015954618,0.002887368
129.800003,0.010606061,0.026522422,-0.003598872
129.830002,-0.006746627,-0.008329084,0.002648688
129.729996,-0.002716981,0.00839904,0.006964481
130.559998,-0.004843348,-0.003994561,0.008108753
131.009995,0.015361217,0.004181244,0.006387533
130.869995,0.006890354,0.012236574,-0.005876822
129.539993,-0.002975305,-0.011836803,-0.013951288
129.740005,0.018949567,0.017245774,0.004316547
128.639999,0.01083614,-0.006013028,-0.006446991
128.880005,-0.007243228,0.005125189,0.006969502
128.710007,0.014592149,-0.003260052,0.006921169
128.660004,0.011074356,0.029520295,-0.004503413
130.699997,0.013940256,0.016047572,0.014285667
130.949997,0.011083053,0.020123467,0.000469507
131.130005,-0.001526294,-0.038824269,-0.000469287
131.149994,0.024596998,0.035977105,-0.002347371
130.910004,-0.04801302,-0.019968429,0.004235294
130.369995,-0.039321841,0.013851977,-0.010777858
130.399994,0.063473231,0.017713877,0.010421577
131.029999,-0.013247804,-0.009366219,0.030239123
131.470001,0.014697569,0.030885597,0.032536973
130.399994,0.027158774,0.001452155,-0.013221727
131.380005,0.01179661,0.01862169,0.016078629
130.889999,-0.03162691,-0.001948003,-0.000879143
131.360001,-0.031552726,0.018467082,0.005059393
132.520004,0.001571878,0.005896661,0.021011228
132.360001,-0.004850906,-0.0015388,-0.01179001
132.619995,0.013763441,0.028181418,-0.001735315
132.550003,0.020364871,0.007137759,-0.002173012
130.949997,0.011781012,0.015308292,-0.016768206
129.240005,-0.015479452,-0.002512914,-0.018383211
129.5,-0.03645471,-0.051644507,0.004963921
129.309998,0.002166065,0.016086187,-0.004939403
126.849998,-0.010806916,7.26E-05,-0.024142599
126.209999,0.01427531,-0.012562632,-0.011791861
127.099998,-0.017090335,-0.033534343,0.000233926
126.129997,0.011542957,0.001750114,-0.002573123
125.169998,0.022389138,0.011317888,-0.011022538
126.169998,-0.018508053,-0.035150969,-0.000474176
127.730003,0.020872319,0.013078001,0.016607259
128.380005,0.00606317,0.002996773,0.008868192
126.099998,0.007007708,-0.000689497,-0.01827437
127.510002,-0.00598469,-0.011269549,0.004712535
128.729996,-0.018342201,-0.02845623,0.022045099
129,0.037369847,0.017797287,0.005277627
127.120003,-0.003162381,-0.004626362,-0.019173704
126.809998,-0.000965517,-0.010398614,-0.013730509
125.860001,-0.021123844,-0.003343417,-0.003067508
125.75,-0.009167842,-0.026357827,0.002366817
125.349998,0.019501779,-0.004183757,-0.005903188
123.989998,-0.018709858,-0.006013675,-0.011876485
122.550003,-0.025611838,-0.065804741,-0.025721131
123.5,0.009345794,-0.016412349,-0.013816877
126.120003,0.009548611,0.042121403,0.015761746
124.650002,-0.000429923,0.005019907,-0.01083739
123.669998,-0.007741935,-0.02635205,-0.005229059
124.089996,0.00130039,0.022112153,0.013516921
125.010002,0.011111111,0.019297335,0.017782093
124.459999,0.007849294,-0.012479837,-0.003397209
124.440002,-0.001699235,0.003524759,-0.004869759
124.989998,0.016028369,0.002484366,0.015414754
123.910004,0.005863465,-0.006067339,-0.015903614
124.75,0.001387925,-0.00180552,0.010528893
127.269997,0.018711019,0.032041344,0.034165253
127.279999,0.005986395,0.024954098,-0.015932521
127.800003,0.008520422,0.015715333,0.020714262
127.07,0.008448438,0.004890172,-0.010730091
127.440002,-0.002659574,0.008536099,0.000943197
126.610001,-0.016533333,-0.000632811,-0.000942309
126.849998,-0.003524946,-0.015592845,0.004008536
127.410004,0.007482993,0.032403313,0.006810638
126.050003,0.012694126,0.00864486,-0.014462305
124,0.02280304,0.024168018,-0.020355053
123.519997,0.001303781,0.000331725,-0.012080213
123.339996,-0.014322917,-0.028518887,-0.003912913
123.970001,-0.024174373,-0.022498061,-0.000491063
125.690002,-0.014620279,0.022539683,0.057479736
124.830002,0.016623163,-0.028562558,-0.001625993
123.949997,-0.006486486,-0.009268137,0.003955375
126.209999,0.010473341,-0.006129032,0.024333695
126.660004,-0.011172432,0.003245699,0.009728507
126.830002,0.004900626,0.008735037,0.000448151
126.709999,0.009211596,0.021167415,0.001119798
127.980003,-0.016107383,-0.003894472,0.017449642
127.849998,0.017189632,0.003909699,0.003078254
127.220001,0.004962446,0.016645729,-0.002411245
128.080002,0.016415321,0.00617856,-0.000439376
128.419998,-0.007484244,-0.009594719,0.003737041
128.199997,-0.010715703,0.001426025,-0.011826566
127.900002,0.03035571,0.002368164,0.00332449
127.410004,-0.009863725,-0.012353305,-0.006185067
126.980003,-0.000131079,0.015540963,-0.014225472
127.370003,-0.027661248,-0.019459925,-0.006764352
127.010002,0.002831333,-0.009624745,-0.002724154
127.110001,-0.014116698,-0.006610968,-0.000910562
128.630005,-0.005182054,-0.002633259,0.026201914
129.699997,-0.017957505,0.005360429,0.009547069
130.029999,-0.021217197,-0.02196403,-0.000219969
130.690002,0.011551626,0.000244101,0.00549934
130.130005,0.021429578,0.020580818,-0.005469263
130.119995,0.001380262,-0.005818588,-0.002419732
129.759995,-0.015161957,-0.002325022,0.003748666
129.649994,0.007977607,-0.005480553,0.003514938
129.809998,0.001527354,0.005995572,-0.003502627
130.429993,-0.023014002,-0.011084337,0.010984183
130.580002,-0.010359018,-0.001299545,-0.001086462
130.660004,0.006595928,0.006587508,-0.005220818
130.639999,0.002564103,0.013088794,-0.001530724
131.419998,-0.016197783,-0.001834277,0.001533071
131.669998,-0.00779896,0.021971876,0.001530702
130.509995,-0.013828239,-0.007051833,0.001746769
129.910004,-0.005608856,-0.026769967,-0.014821273
130.279999,-0.01588244,-0.012523461,0.001327367
130.410004,-0.013273002,-0.033344257,0.002872316
131.690002,-0.024610211,-0.006102212,0.013659375
132.220001,0.004388027,0.006395498,0.008476505
132.229996,-0.012794508,-0.026859854,0.002155129
131.960007,0.000474158,0.008445799,0.009677441
132.139999,0.008530806,0.014936971,-0.007880703
131.809998,-0.032424812,-0.025180774,0.004722992
132.509995,-0.028654687,0.00410158,0.008974402
131.869995,0.027,0.016339301,-0.008682761
131.470001,-0.02969815,0.007696254,0.000213608
132.479996,0.015888945,0.004921928,0.001922255
133.580002,-0.001810998,-0.001520014,-0.000213132
133.740005,0.03842982,0.01962111,-0.00127936
133.690002,-0.00794155,-0.002488388,0.006618318
133.580002,0.007044508,-0.005820722,-0.004029756
133.080002,-0.030842607,-0.004834393,-0.001916525
133.360001,-0.038057743,-0.032962969,0.018775358
134.919998,0.015177353,-0.016739093,-0.005444984
135.179993,0.008231144,0.010659925,-0.001684607
135.009995,-0.005664778,0.002798671,-0.011600907
135.089996,0.004189008,0.006453864,0.00533504
135.270004,-0.023861171,-0.006065858,0.008915262
135.110001,-0.016068376,-0.00048823,0.002314328
136.279999,0.011640028,0.00989149,0.013014253
136.630005,0.007899708,0.01832818,-0.002072068
136.839996,0.020787187,0.011620017,-0.008928571
136.410004,-0.016691704,-0.012123753,0.00544735
136.589996,-0.021218808,0.004379413,-0.016253448
136.809998,0.01543531,0.014297786,-0.007201864
136.839996,-0.020495303,-0.015262597,0.005333902
137.470001,-0.010636443,-0.016159052,0.005730051
137.880005,0.014275643,0.004729555,-0.005275375
138.350006,0.02675934,0.012769599,0.002757764
138.779999,0.019969538,0.00665923,0.010577533
137.910004,0.007964161,0.006212223,-0.010048126
137.809998,-0.038518519,0.007692308,0.003383379
137.789993,0.00530731,0.004123131,-0.00021079
136.860001,-0.001362398,0.016243404,-0.010750401
136.779999,-0.013130969,0.012089249,-0.000639207
136.539993,0.021772939,0.005291005,-0.000213284
138.080002,0.016573651,-0.004561404,0.016208211
138.610001,-0.019464315,0.000737014,-0.003357817
138.910004,0.016796742,-0.013768812,0.003158496
138.179993,0.020857667,0.029220779,-0.008396243
138.240005,-0.02484472,-0.009858044,0.007832324
138.580002,-0.017934965,-0.003122262,0.001050179
139.619995,-0.005291005,-0.006296042,0.001888376
140.020004,0.008750858,0.001849321,-0.006282702
140.380005,-0.043544821,-0.007800963,0.008429863
140.419998,-0.005868753,0.005840101,-0.0039707
140.5,0.009302326,0.002814636,0.005035711
140.639999,0.028181496,0.006736167,-0.003131566
140.919998,-0.012584037,0.003026924,-0.003350785
140.350006,0.026361732,0.012071156,-0.006724102
138.419998,0.02568464,0.006277464,-0.013539221
139.020004,0.011111111,-0.002854024,-0.009221531
140.470001,0.024274233,-0.004645198,0.010173095
140.529999,0.008326661,0.016891892,-0.008356525
140.220001,0.007305066,-0.003013212,-0.005834075
141.289993,-0.016396027,0.000619963,0.018039601
141.899994,0.000160282,-0.00929368,0.00768576
141.779999,-0.003205128,-0.015009381,-0.007838962
141.160004,0.005466238,0.003650794,-0.004270788
141.419998,-0.007675088,-0.013284833,0.00278784
141.830002,-0.012890751,0.010017631,0.016894804
141.720001,-0.003264773,-0.002142347,0.001682482
141.869995,0.004585653,-0.001749364,-0.000629918
143.119995,0.018584936,0.001832085,0.007353005
142.339996,0.014724712,-0.022660412,0.007299228
141.949997,-0.019085174,0.003091442,-0.001449255
142.220001,0.010934234,0.009083536,0.000829359
142.139999,0.003340226,-0.002571934,-0.001035819
141.619995,-0.016328472,-0.003062047,0.008917482
140.75,-0.003867849,0.003233107,-0.015621849
141.580002,-0.011972173,0.006751531,0.00877014
142.509995,-0.012444736,0.003217081,0.013247775
142.210007,0.00132648,0.01220485,-0.000612932
141.619995,0.007617155,0.002915911,-0.012673733
141.369995,-0.041741988,-0.01430143,-0.004761884
141.669998,-0.045618247,-0.00653699,0.002496339
140.539993,0.011500449,-0.025116354,-0.008300436
141.190002,-0.00373068,0.003704009,0.003347981
141.070007,-0.007667618,0.005576513,-0.004171032
141.539993,-0.030548068,-0.002201925,0.007329801
142.160004,-0.03781279,-0.000572129,0.004365967
143.240005,0.020227317,0.024370298,-0.006623867
142.960007,-0.032666163,-0.004470701,0.008335007
143.020004,0.020886199,0.015156375,0.000826638
142.539993,-0.034225621,-0.007820523,-0.005781499
142.820007,0.029103148,0.011464968,0.01266866
142.380005,-0.016737207,-0.00220403,0.018457794
142.800003,0.048914107,0.019517198,0.003423319
143.949997,0.011751539,0.001594008,0.010636142
142.259995,-0.013827434,-0.002595797,-0.002978594
142.130005,0.035333707,0.000123931,-0.0101573
142.050003,-0.024738173,-0.004801735,-0.004627767
142.789993,0.055915571,0.00644358,0.014352112
143.75,0.019989479,0.008830261,0.014946194
144.610001,-0.014096613,0.006974783,0.005497722
144.809998,0.028945074,-0.014005176,-0.005467663
144.850006,-0.00542281,0.000771962,0.000589024
144.889999,0.003748509,0.007405122,0.000784949
145.210007,-0.019691054,-0.001684533,0.004117627
145.020004,0.034805195,0.013345605,-0.005467663
143.940002,0.00167336,0.00862852,-0.010013784
143.449997,-0.035081858,-0.007954375,0.000396688
144.660004,0.021121884,0.003933434,0.010111063
145.610001,-0.016615802,0.008288125,0.009224671
145.800003,-0.00137931,-0.001195636,-0.004083995
145.729996,0.025207182,0.000598534,0.000781117
146.039993,-0.017851128,-0.01345895,0.007414654
145.979996,0.018518519,0.027739882,0.000387391
145.869995,0.014814815,-0.004129794,-0.000193669
145.300003,0,0.010367299,-0.011812549
145.169998,0.018745853,0.006596306,-0.00431115
139.5,0.0008142,-0.031454784,-0.031293052
140.929993,0.005206638,0.013155916,0.00345384
140.509995,0.003075429,-0.017882318,-0.003846892
138.669998,-0.006293368,-0.029540647,-0.020528496
137.350006,-0.024845729,-0.014402491,-0.013488234
139.699997,0.010158201,0.022906793,0.020614198
139.559998,0.01961754,0.00015444,-0.003297589
140.740005,-0.003556993,0.007025942,0.007857754
140.779999,-0.025474607,-0.004600169,0.001641321
140.990005,-0.018648019,-0.000231071,0.000409668
138.25,-0.01543943,-0.009244992,-0.043816523
139.279999,0.002067896,0.002566096,0.012847923
139.470001,-0.01083405,0.005351741,0.008456702
138.529999,-0.007997218,0.007792007,-0.014046163
140.199997,-0.007185419,0.002296563,0.011694727
140.970001,-0.00423654,0.006110135,0.003572888
143.289993,0.010104591,0.007059895,0.02722511
143.179993,0.056686557,0.000301523,-0.011824628
143.389999,0.014283342,-0.009495102,0.001031545
143.199997,0.011462256,0.009738284,0.003709831
142.860001,0.019588797,0.003164557,-0.002669425
141.820007,0.017942204,-0.000976416,-0.011941487
141.970001,0.031040399,-0.005638674,0.010627172
142,-0.002420575,0.003326781,-0.002474206
142.160004,0.001364877,-0.000226074,-0.002893737
143.690002,-0.021808269,7.54E-05,0.006633478
143.850006,-0.002941632,0.015526078,0
144.240005,-0.002173913,0.001187472,0.004324526
144.440002,-0.042794896,-0.003261675,0.004716014
144.610001,0.006665583,0.007511528,0.004898
144.020004,0.000968992,-7.38E-05,-0.001827782
144.660004,0.030493708,-0.000738225,0.001017274
145.320007,-0.003757633,0.012041962,-0.002235793
146.699997,0,0.007956785,0.017926278
147.089996,-0.00770077,-0.004634994,0.004202501
147.270004,0,0.003637951,0.037664408
147.229996,-0.021064302,-0.008191968,0.000384098
148.619995,0.028312571,0.010744829,0.008638913
148.059998,0.027847703,-0.002314145,-0.004948649
148.119995,-0.018827491,-0.008843143,-0.002295314
149.479996,0.019188768,0.001755156,0.012653374
149.649994,-0.003826726,-0.015038692,0.002271848
149.529999,0.021051014,0.009857693,-0.007366831
148.289993,-0.010082769,-0.00359633,-0.008563292
148.669998,-0.020522955,-0.006982911,0.003071017
149.539993,-0.010088468,-0.002091802,0.005549197
150.350006,-0.008623393,0.01375158,0.002854462
150.919998,-0.021192472,0.009825488,-0.001328273
150.949997,-0.006624657,-0.001161778,0.001900038
150.75,0.012687053,-0.003780169,-0.005310051
151.160004,-0.011564407,-0.006859311,0.014299332
149.580002,0.005037374,-0.023365173,-0.022556409
150.860001,0.008084074,0.009780319,0.002884654
150.529999,0.003207698,-0.003129191,-0.006136145
150.570007,0.009752198,0.004633782,0.003858711
151.600006,-0.009341355,-0.0153251,0.018258716
151.300003,0.036119546,-0.006195225,-0.007927501
152.619995,0.001542496,0.00577771,-0.000380517
152.539993,0.020329586,0.001965231,0.000380662
